,,,,,,,,,,,,
Year,Month,Product Name,Country Name,Volume (kg),Value (USD),Census Country Code,Edible code,FAO Country Code,HTS Number,US Customs District Code,US Customs District Name,Month number
1991,July,LINGCOD FRESH,CANADA,"30,256","23,744",1220,E,124,0302694065,30,"SEATTLE, WA",07
1991,July,LINGCOD FRESH,MEXICO,"4,949","9,940",2010,E,484,0302694065,25,"SAN DIEGO, CA",07
1991,August,LINGCOD FRESH,CANADA,"78,194","66,045",1220,E,124,0302694065,30,"SEATTLE, WA",08
1991,September,LINGCOD FRESH,CANADA,"55,828","46,133",1220,E,124,0302694065,30,"SEATTLE, WA",09
1991,October,LINGCOD FRESH,CANADA,"28,749","36,176",1220,E,124,0302694065,30,"SEATTLE, WA",10
1991,November,LINGCOD FRESH,CANADA,"8,276","22,418",1220,E,124,0302694065,30,"SEATTLE, WA",11
1991,December,LINGCOD FRESH,CANADA,"5,224","8,141",1220,E,124,0302694065,30,"SEATTLE, WA",12
1992,January,LINGCOD FRESH,CANADA,"14,695","20,079",1220,E,124,0302694065,30,"SEATTLE, WA",01
1992,January,LINGCOD FRESH,MEXICO,"2,495","6,600",2010,E,484,0302694065,53,"HOUSTON-GALVESTON, TX",01
1992,January,LINGCOD FRESH,ECUADOR,"1,226","3,948",3310,E,218,0302694065,52,"MIAMI, FL",01
1992,February,LINGCOD FRESH,CANADA,"10,828","21,503",1220,E,124,0302694065,30,"SEATTLE, WA",02
1992,February,LINGCOD FRESH,MEXICO,"6,986","17,490",2010,E,484,0302694065,53,"HOUSTON-GALVESTON, TX",02
1992,March,LINGCOD FRESH,CANADA,"23,011","53,670",1220,E,124,0302694065,30,"SEATTLE, WA",03
1992,March,LINGCOD FRESH,MEXICO,"6,418","13,863",2010,E,484,0302694065,53,"HOUSTON-GALVESTON, TX",03
1992,April,LINGCOD FRESH,CANADA,"42,844","63,389",1220,E,124,0302694065,30,"SEATTLE, WA",04
1992,April,LINGCOD FRESH,MEXICO,"4,740","11,165",2010,E,484,0302694065,53,"HOUSTON-GALVESTON, TX",04
1992,May,LINGCOD FRESH,CANADA,"47,588","62,489",1220,E,124,0302694065,30,"SEATTLE, WA",05
1992,May,LINGCOD FRESH,MEXICO,"3,694","8,360",2010,E,484,0302694065,53,"HOUSTON-GALVESTON, TX",05
1992,June,LINGCOD FRESH,CANADA,"68,839","60,431",1220,E,124,0302694065,30,"SEATTLE, WA",06
1992,June,LINGCOD FRESH,MEXICO,"1,247","2,475",2010,E,484,0302694065,53,"HOUSTON-GALVESTON, TX",06
1992,July,LINGCOD FRESH,CANADA,"40,623","25,003",1220,E,124,0302694065,30,"SEATTLE, WA",07
1992,August,LINGCOD FRESH,CANADA,"31,502","20,359",1220,E,124,0302694065,30,"SEATTLE, WA",08
1992,September,LINGCOD FRESH,CANADA,381,"1,260",1220,E,124,0302694065,27,"LOS ANGELES, CA",09
1992,September,LINGCOD FRESH,CANADA,"34,311","37,862",1220,E,124,0302694065,30,"SEATTLE, WA",09
1992,October,LINGCOD FRESH,CANADA,"49,872","52,001",1220,E,124,0302694065,30,"SEATTLE, WA",10
1992,November,LINGCOD FRESH,CANADA,572,"1,512",1220,E,124,0302694065,27,"LOS ANGELES, CA",11
1992,November,LINGCOD FRESH,CANADA,"46,815","52,958",1220,E,124,0302694065,30,"SEATTLE, WA",11
1992,December,LINGCOD FRESH,CANADA,"4,571","13,425",1220,E,124,0302694065,30,"SEATTLE, WA",12
1993,January,LINGCOD FRESH,CANADA,"3,872","11,608",1220,E,124,0302694065,30,"SEATTLE, WA",01
1993,January,LINGCOD FRESH,MEXICO,998,"2,200",2010,E,484,0302694065,53,"HOUSTON-GALVESTON, TX",01
1993,February,LINGCOD FRESH,CANADA,"15,392","26,150",1220,E,124,0302694065,30,"SEATTLE, WA",02
1993,March,LINGCOD FRESH,CANADA,"66,012","72,052",1220,E,124,0302694065,30,"SEATTLE, WA",03
1993,April,LINGCOD FRESH,CANADA,"23,661","59,675",1220,E,124,0302694065,30,"SEATTLE, WA",04
1993,May,LINGCOD FRESH,CANADA,"110,018","121,255",1220,E,124,0302694065,30,"SEATTLE, WA",05
1993,June,LINGCOD FRESH,CANADA,460,"1,318",1220,E,124,0302694065,27,"LOS ANGELES, CA",06
1993,June,LINGCOD FRESH,CANADA,"136,180","118,469",1220,E,124,0302694065,30,"SEATTLE, WA",06
1993,July,LINGCOD FRESH,CANADA,"150,436","111,594",1220,E,124,0302694065,30,"SEATTLE, WA",07
1993,August,LINGCOD FRESH,CANADA,"82,142","70,843",1220,E,124,0302694065,30,"SEATTLE, WA",08
1993,August,LINGCOD FRESH,NICARAGUA,481,"1,759",2190,E,558,0302694065,53,"HOUSTON-GALVESTON, TX",08
1993,August,LINGCOD FRESH,ECUADOR,864,"4,379",3310,E,218,0302694065,27,"LOS ANGELES, CA",08
1993,September,LINGCOD FRESH,CANADA,"159,499","147,995",1220,E,124,0302694065,30,"SEATTLE, WA",09
1993,October,LINGCOD FRESH,CANADA,"225,843","226,521",1220,E,124,0302694065,30,"SEATTLE, WA",10
1993,November,LINGCOD FRESH,CANADA,"117,052","121,282",1220,E,124,0302694065,30,"SEATTLE, WA",11
1993,December,LINGCOD FRESH,CANADA,"33,180","21,412",1220,E,124,0302694065,30,"SEATTLE, WA",12
1993,December,LINGCOD FRESH,ECUADOR,"1,755","3,396",3310,E,218,0302694065,52,"MIAMI, FL",12
1994,January,LINGCOD FRESH,CANADA,"30,238","66,967",1220,E,124,0302694065,30,"SEATTLE, WA",01
1994,February,LINGCOD FRESH,CANADA,"25,739","61,895",1220,E,124,0302694065,30,"SEATTLE, WA",02
1994,March,LINGCOD FRESH,CANADA,"1,437","1,581",1220,E,124,0302694065,27,"LOS ANGELES, CA",03
1994,March,LINGCOD FRESH,CANADA,"55,692","77,521",1220,E,124,0302694065,30,"SEATTLE, WA",03
1994,March,LINGCOD FRESH,MEXICO,645,"1,886",2010,E,484,0302694065,26,"NOGALES, AZ",03
1994,April,LINGCOD FRESH,CANADA,"291,025","273,382",1220,E,124,0302694065,30,"SEATTLE, WA",04
1994,April,LINGCOD FRESH,ECUADOR,314,"1,524",3310,E,218,0302694065,52,"MIAMI, FL",04
1994,May,LINGCOD FRESH,CANADA,"235,493","262,273",1220,E,124,0302694065,30,"SEATTLE, WA",05
1994,June,LINGCOD FRESH,CANADA,"164,087","147,677",1220,E,124,0302694065,30,"SEATTLE, WA",06
1994,July,LINGCOD FRESH,CANADA,"285,802","262,985",1220,E,124,0302694065,30,"SEATTLE, WA",07
1994,August,LINGCOD FRESH,CANADA,"153,260","127,776",1220,E,124,0302694065,30,"SEATTLE, WA",08
1994,September,LINGCOD FRESH,CANADA,"158,293","200,877",1220,E,124,0302694065,30,"SEATTLE, WA",09
1994,October,LINGCOD FRESH,CANADA,"96,559","117,599",1220,E,124,0302694065,30,"SEATTLE, WA",10
1994,November,LINGCOD FRESH,CANADA,635,"1,960",1220,E,124,0302694065,27,"LOS ANGELES, CA",11
1994,November,LINGCOD FRESH,CANADA,"13,375","17,886",1220,E,124,0302694065,30,"SEATTLE, WA",11
1994,December,LINGCOD FRESH,CANADA,"33,462","28,367",1220,E,124,0302694065,30,"SEATTLE, WA",12
1994,December,LINGCOD FRESH,COSTA RICA,427,"4,003",2230,E,188,0302694065,52,"MIAMI, FL",12
1995,January,LINGCOD FRESH,CANADA,"37,601","37,177",1220,E,124,0302694065,30,"SEATTLE, WA",01
1995,January,LINGCOD FRESH,COSTA RICA,"1,939","18,148",2230,E,188,0302694065,52,"MIAMI, FL",01
1995,January,LINGCOD FRESH,TRINIDAD & TOBAGO,"1,307","5,822",2740,E,780,0302694065,10,"NEW YORK, NY",01
1995,January,LINGCOD FRESH,TRINIDAD & TOBAGO,"8,217","20,623",2740,E,780,0302694065,52,"MIAMI, FL",01
1995,January,LINGCOD FRESH,VENEZUELA,"5,516","10,332",3070,E,862,0302694065,52,"MIAMI, FL",01
1995,January,LINGCOD FRESH,ECUADOR,"1,520","1,699",3310,E,218,0302694065,10,"NEW YORK, NY",01
1995,January,LINGCOD FRESH,ECUADOR,"73,548","449,385",3310,E,218,0302694065,52,"MIAMI, FL",01
1995,February,LINGCOD FRESH,CANADA,"51,746","54,643",1220,E,124,0302694065,30,"SEATTLE, WA",02
1995,February,LINGCOD FRESH,COSTA RICA,"1,189","10,762",2230,E,188,0302694065,52,"MIAMI, FL",02
1995,February,LINGCOD FRESH,GRENADA,554,"7,320",2489,E,308,0302694065,52,"MIAMI, FL",02
1995,February,LINGCOD FRESH,TRINIDAD & TOBAGO,"2,641","8,843",2740,E,780,0302694065,52,"MIAMI, FL",02
1995,February,LINGCOD FRESH,ECUADOR,"38,141","198,008",3310,E,218,0302694065,52,"MIAMI, FL",02
1995,February,LINGCOD FRESH,CHILE,"1,883","13,935",3370,E,152,0302694065,52,"MIAMI, FL",02
1995,March,LINGCOD FRESH,CANADA,"28,562","31,264",1220,E,124,0302694065,30,"SEATTLE, WA",03
1995,March,LINGCOD FRESH,MEXICO,430,"3,896",2010,E,484,0302694065,10,"NEW YORK, NY",03
1995,March,LINGCOD FRESH,COSTA RICA,"3,091","25,590",2230,E,188,0302694065,52,"MIAMI, FL",03
1995,March,LINGCOD FRESH,GRENADA,"1,316","6,350",2489,E,308,0302694065,52,"MIAMI, FL",03
1995,March,LINGCOD FRESH,TRINIDAD & TOBAGO,"3,321","8,097",2740,E,780,0302694065,52,"MIAMI, FL",03
1995,March,LINGCOD FRESH,VENEZUELA,"3,120","9,347",3070,E,862,0302694065,52,"MIAMI, FL",03
1995,March,LINGCOD FRESH,ECUADOR,"36,320","232,000",3310,E,218,0302694065,52,"MIAMI, FL",03
1995,April,LINGCOD FRESH,CANADA,"49,214","113,045",1220,E,124,0302694065,30,"SEATTLE, WA",04
1995,April,LINGCOD FRESH,MEXICO,508,"3,913",2010,E,484,0302694065,10,"NEW YORK, NY",04
1995,April,LINGCOD FRESH,COSTA RICA,290,"3,455",2230,E,188,0302694065,52,"MIAMI, FL",04
1995,April,LINGCOD FRESH,TRINIDAD & TOBAGO,"5,179","15,924",2740,E,780,0302694065,52,"MIAMI, FL",04
1995,April,LINGCOD FRESH,ECUADOR,"18,182","127,456",3310,E,218,0302694065,52,"MIAMI, FL",04
1995,April,LINGCOD FRESH,BRAZIL,"3,405","6,129",3510,E,076,0302694065,52,"MIAMI, FL",04
1995,May,LINGCOD FRESH,CANADA,"107,722","157,995",1220,E,124,0302694065,30,"SEATTLE, WA",05
1995,May,LINGCOD FRESH,COSTA RICA,577,"5,350",2230,E,188,0302694065,52,"MIAMI, FL",05
1995,May,LINGCOD FRESH,TRINIDAD & TOBAGO,"3,034","8,342",2740,E,780,0302694065,52,"MIAMI, FL",05
1995,May,LINGCOD FRESH,VENEZUELA,"2,940","10,684",3070,E,862,0302694065,52,"MIAMI, FL",05
1995,June,LINGCOD FRESH,CANADA,"171,567","222,237",1220,E,124,0302694065,30,"SEATTLE, WA",06
1995,June,LINGCOD FRESH,COSTA RICA,"1,718","9,256",2230,E,188,0302694065,52,"MIAMI, FL",06
1995,June,LINGCOD FRESH,TRINIDAD & TOBAGO,"1,528","3,365",2740,E,780,0302694065,52,"MIAMI, FL",06
1995,June,LINGCOD FRESH,VENEZUELA,"4,383","6,931",3070,E,862,0302694065,52,"MIAMI, FL",06
1995,July,LINGCOD FRESH,CANADA,"146,772","174,361",1220,E,124,0302694065,30,"SEATTLE, WA",07
1995,August,LINGCOD FRESH,CANADA,"119,265","204,289",1220,E,124,0302694065,30,"SEATTLE, WA",08
1995,August,LINGCOD FRESH,TRINIDAD & TOBAGO,667,"2,942",2740,E,780,0302694065,10,"NEW YORK, NY",08
1995,August,LINGCOD FRESH,SENEGAL,480,"2,015",7440,E,686,0302694065,10,"NEW YORK, NY",08
1995,September,LINGCOD FRESH,CANADA,"104,340","164,748",1220,E,124,0302694065,30,"SEATTLE, WA",09
1995,September,LINGCOD FRESH,SENEGAL,880,"4,183",7440,E,686,0302694065,10,"NEW YORK, NY",09
1995,October,LINGCOD FRESH,CANADA,"33,825","72,697",1220,E,124,0302694065,30,"SEATTLE, WA",10
1995,October,LINGCOD FRESH,SENEGAL,432,"3,275",7440,E,686,0302694065,10,"NEW YORK, NY",10
1995,November,LINGCOD FRESH,CANADA,"22,139","79,236",1220,E,124,0302694065,30,"SEATTLE, WA",11
1995,November,LINGCOD FRESH,TRINIDAD & TOBAGO,"1,114","3,093",2740,E,780,0302694065,10,"NEW YORK, NY",11
1995,December,LINGCOD FRESH,CANADA,"2,031","4,359",1220,E,124,0302694065,30,"SEATTLE, WA",12
1996,January,LINGCOD FRESH,CANADA,"3,614","11,831",1220,E,124,0302694065,30,"SEATTLE, WA",01
1996,February,LINGCOD FRESH,CANADA,661,"2,850",1220,E,124,0302694065,27,"LOS ANGELES, CA",02
1996,February,LINGCOD FRESH,CANADA,"8,976","17,646",1220,E,124,0302694065,30,"SEATTLE, WA",02
1996,February,LINGCOD FRESH,MEXICO,"1,000","1,938",2010,E,484,0302694065,52,"MIAMI, FL",02
1996,March,LINGCOD FRESH,CANADA,"1,479","3,669",1220,E,124,0302694065,27,"LOS ANGELES, CA",03
1996,March,LINGCOD FRESH,CANADA,"53,449","97,183",1220,E,124,0302694065,30,"SEATTLE, WA",03
1996,March,LINGCOD FRESH,SENEGAL,430,"1,896",7440,E,686,0302694065,10,"NEW YORK, NY",03
1996,April,LINGCOD FRESH,CANADA,"16,401","53,284",1220,E,124,0302694065,30,"SEATTLE, WA",04
1996,May,LINGCOD FRESH,CANADA,"43,367","96,540",1220,E,124,0302694065,30,"SEATTLE, WA",05
1996,June,LINGCOD FRESH,CANADA,"62,281","111,437",1220,E,124,0302694065,30,"SEATTLE, WA",06
1996,July,LINGCOD FRESH,CANADA,"79,401","108,457",1220,E,124,0302694065,30,"SEATTLE, WA",07
1996,July,LINGCOD FRESH,TRINIDAD & TOBAGO,891,"1,755",2740,E,780,0302694065,10,"NEW YORK, NY",07
1996,August,LINGCOD FRESH,CANADA,"49,264","78,446",1220,E,124,0302694065,30,"SEATTLE, WA",08
1996,September,LINGCOD FRESH,CANADA,417,"1,518",1220,E,124,0302694065,27,"LOS ANGELES, CA",09
1996,September,LINGCOD FRESH,CANADA,"25,591","52,735",1220,E,124,0302694065,30,"SEATTLE, WA",09
1996,October,LINGCOD FRESH,CANADA,"29,472","57,814",1220,E,124,0302694065,30,"SEATTLE, WA",10
1996,November,LINGCOD FRESH,CANADA,"3,176","9,047",1220,E,124,0302694065,27,"LOS ANGELES, CA",11
1996,November,LINGCOD FRESH,CANADA,"22,706","58,424",1220,E,124,0302694065,30,"SEATTLE, WA",11
1996,December,LINGCOD FRESH,CANADA,"113,058","150,453",1220,E,124,0302694065,30,"SEATTLE, WA",12
1997,January,LINGCOD FRESH,CANADA,"45,687","61,187",1220,E,124,0302694065,30,"SEATTLE, WA",01
1997,February,LINGCOD FRESH,CANADA,354,"1,365",1220,E,124,0302694065,27,"LOS ANGELES, CA",02
1997,February,LINGCOD FRESH,CANADA,"17,158","34,178",1220,E,124,0302694065,30,"SEATTLE, WA",02
1997,March,LINGCOD FRESH,CANADA,"3,031","9,422",1220,E,124,0302694065,30,"SEATTLE, WA",03
1997,March,LINGCOD FRESH,MEXICO,"1,550","4,522",2010,E,484,0302694065,26,"NOGALES, AZ",03
1997,April,LINGCOD FRESH,CANADA,"46,096","109,916",1220,E,124,0302694065,30,"SEATTLE, WA",04
1997,April,LINGCOD FRESH,MEXICO,"8,996","17,136",2010,E,484,0302694065,23,"LAREDO, TX",04
1997,May,LINGCOD FRESH,CANADA,"19,833","48,391",1220,E,124,0302694065,30,"SEATTLE, WA",05
1997,June,LINGCOD FRESH,CANADA,681,"2,071",1220,E,124,0302694065,27,"LOS ANGELES, CA",06
1997,June,LINGCOD FRESH,CANADA,"26,353","67,441",1220,E,124,0302694065,30,"SEATTLE, WA",06
1997,July,LINGCOD FRESH,CANADA,745,"2,247",1220,E,124,0302694065,27,"LOS ANGELES, CA",07
1997,July,LINGCOD FRESH,CANADA,"27,088","87,929",1220,E,124,0302694065,30,"SEATTLE, WA",07
1997,August,LINGCOD FRESH,CANADA,762,"3,108",1220,E,124,0302694065,27,"LOS ANGELES, CA",08
1997,August,LINGCOD FRESH,CANADA,"16,858","22,796",1220,E,124,0302694065,30,"SEATTLE, WA",08
1997,September,LINGCOD FRESH,CANADA,468,"1,650",1220,E,124,0302694065,27,"LOS ANGELES, CA",09
1997,September,LINGCOD FRESH,CANADA,"24,639","61,432",1220,E,124,0302694065,30,"SEATTLE, WA",09
1997,October,LINGCOD FRESH,CANADA,"20,446","67,902",1220,E,124,0302694065,30,"SEATTLE, WA",10
1997,November,LINGCOD FRESH,CANADA,"36,257","73,315",1220,E,124,0302694065,30,"SEATTLE, WA",11
1997,December,LINGCOD FRESH,CANADA,815,"3,415",1220,E,124,0302694065,27,"LOS ANGELES, CA",12
1997,December,LINGCOD FRESH,CANADA,"50,289","72,785",1220,E,124,0302694065,30,"SEATTLE, WA",12
1998,January,LINGCOD FRESH,CANADA,"27,153","66,254",1220,E,124,0302694065,30,"SEATTLE, WA",01
1998,February,LINGCOD FRESH,CANADA,463,"1,887",1220,E,124,0302694065,28,"SAN FRANCISCO, CA",02
1998,February,LINGCOD FRESH,CANADA,"52,550","119,440",1220,E,124,0302694065,30,"SEATTLE, WA",02
1998,February,LINGCOD FRESH,MEXICO,"1,205","9,114",2010,E,484,0302694065,26,"NOGALES, AZ",02
1998,March,LINGCOD FRESH,CANADA,"37,514","114,708",1220,E,124,0302694065,30,"SEATTLE, WA",03
1998,April,LINGCOD FRESH,CANADA,342,"1,381",1220,E,124,0302694065,27,"LOS ANGELES, CA",04
1998,April,LINGCOD FRESH,CANADA,"21,574","73,597",1220,E,124,0302694065,30,"SEATTLE, WA",04
1998,May,LINGCOD FRESH,CANADA,"35,570","100,664",1220,E,124,0302694065,30,"SEATTLE, WA",05
1998,June,LINGCOD FRESH,CANADA,"31,778","102,656",1220,E,124,0302694065,30,"SEATTLE, WA",06
1998,June,LINGCOD FRESH,FIJI,455,"2,233",6863,E,242,0302694065,32,"HONOLULU, HI",06
1998,July,LINGCOD FRESH,CANADA,"33,404","51,942",1220,E,124,0302694065,30,"SEATTLE, WA",07
1998,August,LINGCOD FRESH,CANADA,"73,842","77,309",1220,E,124,0302694065,30,"SEATTLE, WA",08
1998,September,LINGCOD FRESH,CANADA,"21,921","64,533",1220,E,124,0302694065,30,"SEATTLE, WA",09
1998,October,LINGCOD FRESH,CANADA,548,"3,261",1220,E,124,0302694065,27,"LOS ANGELES, CA",10
1998,October,LINGCOD FRESH,CANADA,"25,058","93,579",1220,E,124,0302694065,30,"SEATTLE, WA",10
1998,November,LINGCOD FRESH,CANADA,"3,016","13,711",1220,E,124,0302694065,27,"LOS ANGELES, CA",11
1998,November,LINGCOD FRESH,CANADA,"44,367","68,215",1220,E,124,0302694065,30,"SEATTLE, WA",11
1998,December,LINGCOD FRESH,CANADA,"23,711","9,489",1220,E,124,0302694065,30,"SEATTLE, WA",12
1998,December,LINGCOD FRESH,MEXICO,"2,228","10,292",2010,E,484,0302694065,27,"LOS ANGELES, CA",12
1999,January,LINGCOD FRESH,CANADA,"11,651","37,151",1220,E,124,0302694065,30,"SEATTLE, WA",01
1999,February,LINGCOD FRESH,CANADA,347,"2,375",1220,E,124,0302694065,27,"LOS ANGELES, CA",02
1999,February,LINGCOD FRESH,CANADA,667,"3,234",1220,E,124,0302694065,30,"SEATTLE, WA",02
1999,March,LINGCOD FRESH,CANADA,581,"3,516",1220,E,124,0302694065,28,"SAN FRANCISCO, CA",03
1999,March,LINGCOD FRESH,CANADA,"16,141","65,449",1220,E,124,0302694065,30,"SEATTLE, WA",03
1999,April,LINGCOD FRESH,CANADA,"19,883","55,540",1220,E,124,0302694065,30,"SEATTLE, WA",04
1999,May,LINGCOD FRESH,CANADA,960,"2,540",1220,E,124,0302694065,27,"LOS ANGELES, CA",05
1999,May,LINGCOD FRESH,CANADA,"11,409","30,958",1220,E,124,0302694065,30,"SEATTLE, WA",05
1999,June,LINGCOD FRESH,CANADA,"34,043","69,419",1220,E,124,0302694065,30,"SEATTLE, WA",06
1999,July,LINGCOD FRESH,CANADA,"20,296","62,332",1220,E,124,0302694065,30,"SEATTLE, WA",07
1999,August,LINGCOD FRESH,CANADA,"29,080","76,500",1220,E,124,0302694065,30,"SEATTLE, WA",08
1999,September,LINGCOD FRESH,CANADA,"30,661","89,198",1220,E,124,0302694065,30,"SEATTLE, WA",09
1999,October,LINGCOD FRESH,CANADA,"9,517","26,045",1220,E,124,0302694065,30,"SEATTLE, WA",10
1999,November,LINGCOD FRESH,CANADA,"5,946","11,799",1220,E,124,0302694065,30,"SEATTLE, WA",11
1999,December,LINGCOD FRESH,CANADA,"13,527","37,673",1220,E,124,0302694065,30,"SEATTLE, WA",12
2000,January,LINGCOD FRESH,CANADA,"25,406","74,096",1220,E,124,0302694065,30,"SEATTLE, WA",01
2000,February,LINGCOD FRESH,CANADA,"14,211","49,332",1220,E,124,0302694065,30,"SEATTLE, WA",02
2000,March,LINGCOD FRESH,CANADA,"31,932","126,089",1220,E,124,0302694065,30,"SEATTLE, WA",03
2000,April,LINGCOD FRESH,CANADA,"26,715","100,477",1220,E,124,0302694065,30,"SEATTLE, WA",04
2000,May,LINGCOD FRESH,CANADA,"8,912","34,674",1220,E,124,0302694065,30,"SEATTLE, WA",05
2000,June,LINGCOD FRESH,CANADA,"54,045","103,084",1220,E,124,0302694065,30,"SEATTLE, WA",06
2000,June,LINGCOD FRESH,CANADA,"18,627","10,984",1220,E,124,0302694065,31,"ANCHORAGE, AK",06
2000,July,LINGCOD FRESH,CANADA,"45,028","101,600",1220,E,124,0302694065,30,"SEATTLE, WA",07
2000,August,LINGCOD FRESH,CANADA,"28,154","92,604",1220,E,124,0302694065,30,"SEATTLE, WA",08
2000,September,LINGCOD FRESH,CANADA,"44,125","134,307",1220,E,124,0302694065,30,"SEATTLE, WA",09
2000,October,LINGCOD FRESH,CANADA,"19,243","52,582",1220,E,124,0302694065,30,"SEATTLE, WA",10
2000,November,LINGCOD FRESH,CANADA,"38,595","59,266",1220,E,124,0302694065,30,"SEATTLE, WA",11
2000,December,LINGCOD FRESH,CANADA,"20,325","75,170",1220,E,124,0302694065,30,"SEATTLE, WA",12
2001,January,LINGCOD FRESH,CANADA,"18,119","62,707",1220,E,124,0302694065,30,"SEATTLE, WA",01
2001,February,LINGCOD FRESH,CANADA,"14,063","29,586",1220,E,124,0302694065,30,"SEATTLE, WA",02
2001,March,LINGCOD FRESH,CANADA,245,"2,511",1220,E,124,0302694065,27,"LOS ANGELES, CA",03
2001,March,LINGCOD FRESH,CANADA,"7,632","26,849",1220,E,124,0302694065,30,"SEATTLE, WA",03
2001,April,LINGCOD FRESH,CANADA,"20,826","78,180",1220,E,124,0302694065,30,"SEATTLE, WA",04
2001,May,LINGCOD FRESH,CANADA,"1,362","10,059",1220,E,124,0302694065,28,"SAN FRANCISCO, CA",05
2001,May,LINGCOD FRESH,CANADA,"12,278","45,346",1220,E,124,0302694065,30,"SEATTLE, WA",05
2001,June,LINGCOD FRESH,CANADA,"25,128","74,567",1220,E,124,0302694065,30,"SEATTLE, WA",06
2001,July,LINGCOD FRESH,CANADA,"35,714","93,286",1220,E,124,0302694065,30,"SEATTLE, WA",07
2001,July,LINGCOD FRESH,BAHAMAS,"1,482","5,719",2360,E,044,0302694065,52,"MIAMI, FL",07
2001,August,LINGCOD FRESH,CANADA,"44,275","105,638",1220,E,124,0302694065,30,"SEATTLE, WA",08
2001,September,LINGCOD FRESH,CANADA,454,"2,950",1220,E,124,0302694065,27,"LOS ANGELES, CA",09
2001,September,LINGCOD FRESH,CANADA,"53,829","157,730",1220,E,124,0302694065,30,"SEATTLE, WA",09
2001,October,LINGCOD FRESH,CANADA,"6,771","19,866",1220,E,124,0302694065,30,"SEATTLE, WA",10
2001,October,LINGCOD FRESH,BAHAMAS,800,"3,085",2360,E,044,0302694065,52,"MIAMI, FL",10
2001,October,LINGCOD FRESH,TAIWAN,746,"6,711",5830,E,909,0302694065,27,"LOS ANGELES, CA",10
2001,November,LINGCOD FRESH,CANADA,"26,524","63,992",1220,E,124,0302694065,30,"SEATTLE, WA",11
2001,November,LINGCOD FRESH,TAIWAN,259,"2,288",5830,E,909,0302694065,27,"LOS ANGELES, CA",11
2001,December,LINGCOD FRESH,CANADA,"11,004","39,330",1220,E,124,0302694065,30,"SEATTLE, WA",12
2001,December,LINGCOD FRESH,TAIWAN,898,"7,328",5830,E,909,0302694065,27,"LOS ANGELES, CA",12
2002,January,LINGCOD FRESH,CANADA,"20,662","80,584",1220,E,124,0302694065,30,"SEATTLE, WA",01
2002,February,LINGCOD FRESH,CANADA,"19,062","74,168",1220,E,124,0302694065,30,"SEATTLE, WA",02
2002,March,LINGCOD FRESH,CANADA,"6,298","23,187",1220,E,124,0302694065,30,"SEATTLE, WA",03
2002,April,LINGCOD FRESH,CANADA,"6,167","23,608",1220,E,124,0302694065,30,"SEATTLE, WA",04
2002,May,LINGCOD FRESH,CANADA,"11,917","46,999",1220,E,124,0302694065,30,"SEATTLE, WA",05
2002,June,LINGCOD FRESH,CANADA,"32,522","63,257",1220,E,124,0302694065,30,"SEATTLE, WA",06
2002,July,LINGCOD FRESH,CANADA,"75,050","156,435",1220,E,124,0302694065,30,"SEATTLE, WA",07
2002,August,LINGCOD FRESH,CANADA,"53,009","111,640",1220,E,124,0302694065,30,"SEATTLE, WA",08
2002,September,LINGCOD FRESH,CANADA,"32,109","121,080",1220,E,124,0302694065,30,"SEATTLE, WA",09
2002,October,LINGCOD FRESH,CANADA,"27,839","85,963",1220,E,124,0302694065,30,"SEATTLE, WA",10
2002,October,LINGCOD FRESH,BRAZIL,"7,498","17,467",3510,E,076,0302694065,10,"NEW YORK, NY",10
2002,November,LINGCOD FRESH,CANADA,"18,065","66,928",1220,E,124,0302694065,30,"SEATTLE, WA",11
2002,November,LINGCOD FRESH,BRAZIL,"2,750","6,970",3510,E,076,0302694065,10,"NEW YORK, NY",11
2002,December,LINGCOD FRESH,CANADA,"26,235","85,219",1220,E,124,0302694065,30,"SEATTLE, WA",12
2002,December,LINGCOD FRESH,BRAZIL,"2,105","4,940",3510,E,076,0302694065,10,"NEW YORK, NY",12
2003,January,LINGCOD FRESH,CANADA,"28,657","94,409",1220,E,124,0302694065,30,"SEATTLE, WA",01
2003,February,LINGCOD FRESH,CANADA,"26,583","94,466",1220,E,124,0302694065,30,"SEATTLE, WA",02
2003,March,LINGCOD FRESH,CANADA,"11,992","43,331",1220,E,124,0302694065,30,"SEATTLE, WA",03
2003,March,LINGCOD FRESH,BAHAMAS,"7,670","55,484",2360,E,044,0302694065,52,"MIAMI, FL",03
2003,April,LINGCOD FRESH,CANADA,"33,352","108,380",1220,E,124,0302694065,30,"SEATTLE, WA",04
2003,May,LINGCOD FRESH,CANADA,"15,612","60,842",1220,E,124,0302694065,30,"SEATTLE, WA",05
2003,May,LINGCOD FRESH,NEW ZEALAND,447,"2,217",6141,E,554,0302694065,32,"HONOLULU, HI",05
2003,June,LINGCOD FRESH,CANADA,"27,721","110,378",1220,E,124,0302694065,30,"SEATTLE, WA",06
2003,June,LINGCOD FRESH,BRAZIL,"1,526","2,355",3510,E,076,0302694065,10,"NEW YORK, NY",06
2003,June,LINGCOD FRESH,NEW ZEALAND,"1,653","8,197",6141,E,554,0302694065,32,"HONOLULU, HI",06
2003,July,LINGCOD FRESH,CANADA,"35,809","80,161",1220,E,124,0302694065,30,"SEATTLE, WA",07
2003,July,LINGCOD FRESH,NEW ZEALAND,464,"2,301",6141,E,554,0302694065,32,"HONOLULU, HI",07
2003,August,LINGCOD FRESH,CANADA,"37,044","99,165",1220,E,124,0302694065,30,"SEATTLE, WA",08
2003,August,LINGCOD FRESH,BRAZIL,"1,867","2,619",3510,E,076,0302694065,10,"NEW YORK, NY",08
2003,August,LINGCOD FRESH,NEW ZEALAND,408,"2,023",6141,E,554,0302694065,32,"HONOLULU, HI",08
2003,September,LINGCOD FRESH,CANADA,"23,953","77,330",1220,E,124,0302694065,30,"SEATTLE, WA",09
2003,October,LINGCOD FRESH,CANADA,"32,139","100,140",1220,E,124,0302694065,30,"SEATTLE, WA",10
2003,November,LINGCOD FRESH,CANADA,"66,003","132,223",1220,E,124,0302694065,30,"SEATTLE, WA",11
2003,December,LINGCOD FRESH,CANADA,"18,510","64,993",1220,E,124,0302694065,30,"SEATTLE, WA",12
2004,January,LINGCOD FRESH,CANADA,"16,978","72,093",1220,E,124,0302694065,30,"SEATTLE, WA",01
2004,February,LINGCOD FRESH,CANADA,"56,202","165,481",1220,E,124,0302694065,30,"SEATTLE, WA",02
2004,March,LINGCOD FRESH,CANADA,"4,114","15,000",1220,E,124,0302694065,30,"SEATTLE, WA",03
2004,March,LINGCOD FRESH,MEXICO,"1,192","5,155",2010,E,484,0302694065,23,"LAREDO, TX",03
2004,April,LINGCOD FRESH,CANADA,"28,441","124,721",1220,E,124,0302694065,30,"SEATTLE, WA",04
2004,April,LINGCOD FRESH,MEXICO,714,"3,089",2010,E,484,0302694065,23,"LAREDO, TX",04
2004,May,LINGCOD FRESH,CANADA,"17,724","59,527",1220,E,124,0302694065,30,"SEATTLE, WA",05
2004,June,LINGCOD FRESH,CANADA,"46,010","121,950",1220,E,124,0302694065,30,"SEATTLE, WA",06
2004,July,LINGCOD FRESH,CANADA,"45,946","103,098",1220,E,124,0302694065,30,"SEATTLE, WA",07
2004,August,LINGCOD FRESH,CANADA,"30,050","103,927",1220,E,124,0302694065,30,"SEATTLE, WA",08
2004,August,LINGCOD FRESH,NEW ZEALAND,443,"2,197",6141,E,554,0302694065,32,"HONOLULU, HI",08
2004,September,LINGCOD FRESH,CANADA,"18,889","58,381",1220,E,124,0302694065,30,"SEATTLE, WA",09
2004,October,LINGCOD FRESH,CANADA,"13,836","54,592",1220,E,124,0302694065,30,"SEATTLE, WA",10
2004,November,LINGCOD FRESH,CANADA,"21,355","79,400",1220,E,124,0302694065,30,"SEATTLE, WA",11
2004,December,LINGCOD FRESH,CANADA,"45,924","146,549",1220,E,124,0302694065,30,"SEATTLE, WA",12
2005,January,LINGCOD FRESH,CANADA,"29,037","127,571",1220,E,124,0302694065,30,"SEATTLE, WA",01
2005,February,LINGCOD FRESH,CANADA,"17,135","60,479",1220,E,124,0302694065,30,"SEATTLE, WA",02
2005,March,LINGCOD FRESH,CANADA,"10,607","43,160",1220,E,124,0302694065,30,"SEATTLE, WA",03
2005,April,LINGCOD FRESH,CANADA,"39,831","172,814",1220,E,124,0302694065,30,"SEATTLE, WA",04
2005,April,LINGCOD FRESH,MEXICO,867,"3,796",2010,E,484,0302694065,23,"LAREDO, TX",04
2005,May,LINGCOD FRESH,CANADA,"25,257","93,910",1220,E,124,0302694065,30,"SEATTLE, WA",05
2005,June,LINGCOD FRESH,CANADA,"25,565","111,659",1220,E,124,0302694065,30,"SEATTLE, WA",06
2005,July,LINGCOD FRESH,CANADA,"31,337","105,469",1220,E,124,0302694065,30,"SEATTLE, WA",07
2005,August,LINGCOD FRESH,CANADA,"58,279","145,929",1220,E,124,0302694065,30,"SEATTLE, WA",08
2005,September,LINGCOD FRESH,CANADA,"40,094","146,212",1220,E,124,0302694065,30,"SEATTLE, WA",09
2005,October,LINGCOD FRESH,CANADA,"31,931","111,136",1220,E,124,0302694065,30,"SEATTLE, WA",10
2005,November,LINGCOD FRESH,CANADA,"39,616","173,884",1220,E,124,0302694065,30,"SEATTLE, WA",11
2005,December,LINGCOD FRESH,CANADA,"36,804","141,209",1220,E,124,0302694065,30,"SEATTLE, WA",12
2006,January,LINGCOD FRESH,CANADA,"29,330","130,428",1220,E,124,0302694065,30,"SEATTLE, WA",01
2006,February,LINGCOD FRESH,CANADA,"22,620","93,762",1220,E,124,0302694065,30,"SEATTLE, WA",02
2006,March,LINGCOD FRESH,CANADA,"8,541","26,855",1220,E,124,0302694065,30,"SEATTLE, WA",03
2006,March,LINGCOD FRESH,MEXICO,"1,100","5,064",2010,E,484,0302694065,23,"LAREDO, TX",03
2006,April,LINGCOD FRESH,CANADA,"30,885","145,382",1220,E,124,0302694065,30,"SEATTLE, WA",04
2006,May,LINGCOD FRESH,CANADA,"22,151","105,130",1220,E,124,0302694065,30,"SEATTLE, WA",05
2006,June,LINGCOD FRESH,CANADA,"21,052","96,624",1220,E,124,0302694065,30,"SEATTLE, WA",06
2006,July,LINGCOD FRESH,CANADA,"39,461","137,380",1220,E,124,0302694065,30,"SEATTLE, WA",07
2006,August,LINGCOD FRESH,CANADA,"62,595","191,563",1220,E,124,0302694065,30,"SEATTLE, WA",08
2006,August,LINGCOD FRESH,MEXICO,"1,896","5,688",2010,E,484,0302694065,25,"SAN DIEGO, CA",08
2006,September,LINGCOD FRESH,CANADA,"42,258","154,766",1220,E,124,0302694065,30,"SEATTLE, WA",09
2006,October,LINGCOD FRESH,CANADA,"44,376","134,694",1220,E,124,0302694065,30,"SEATTLE, WA",10
2006,October,LINGCOD FRESH,MEXICO,"3,000","6,000",2010,E,484,0302694065,25,"SAN DIEGO, CA",10
2006,November,LINGCOD FRESH,CANADA,"32,979","130,324",1220,E,124,0302694065,30,"SEATTLE, WA",11
2006,December,LINGCOD FRESH,CANADA,"31,572","137,655",1220,E,124,0302694065,30,"SEATTLE, WA",12
2006,December,LINGCOD FRESH,MEXICO,"3,740","7,480",2010,E,484,0302694065,25,"SAN DIEGO, CA",12
2007,January,LINGCOD FRESH,CANADA,"37,161","135,442",1220,E,124,0302695064,30,"SEATTLE, WA",01
2007,February,LINGCOD FRESH,CANADA,"12,449","59,045",1220,E,124,0302695064,30,"SEATTLE, WA",02
2007,February,LINGCOD FRESH,MEXICO,987,"10,740",2010,E,484,0302695064,25,"SAN DIEGO, CA",02
2007,March,LINGCOD FRESH,CANADA,"24,266","104,890",1220,E,124,0302695064,30,"SEATTLE, WA",03
2007,March,LINGCOD FRESH,MEXICO,"84,662","90,619",2010,E,484,0302695064,25,"SAN DIEGO, CA",03
2007,April,LINGCOD FRESH,CANADA,"34,232","176,056",1220,E,124,0302695064,30,"SEATTLE, WA",04
2007,May,LINGCOD FRESH,CANADA,"23,775","121,215",1220,E,124,0302695064,30,"SEATTLE, WA",05
2007,May,LINGCOD FRESH,MEXICO,"14,108","14,108",2010,E,484,0302695064,25,"SAN DIEGO, CA",05
2007,June,LINGCOD FRESH,CANADA,"45,798","228,499",1220,E,124,0302695064,30,"SEATTLE, WA",06
2007,June,LINGCOD FRESH,MEXICO,"31,984","22,389",2010,E,484,0302695064,25,"SAN DIEGO, CA",06
2007,July,LINGCOD FRESH,CANADA,"27,732","127,733",1220,E,124,0302695064,30,"SEATTLE, WA",07
2007,July,LINGCOD FRESH,MEXICO,"10,942","21,884",2010,E,484,0302695064,25,"SAN DIEGO, CA",07
2007,August,LINGCOD FRESH,CANADA,"42,656","192,256",1220,E,124,0302695064,30,"SEATTLE, WA",08
2007,September,LINGCOD FRESH,CANADA,"28,658","127,690",1220,E,124,0302695064,30,"SEATTLE, WA",09
2007,September,LINGCOD FRESH,MEXICO,"9,060","18,120",2010,E,484,0302695064,25,"SAN DIEGO, CA",09
2007,October,LINGCOD FRESH,CANADA,"25,694","114,035",1220,E,124,0302695064,30,"SEATTLE, WA",10
2007,November,LINGCOD FRESH,CANADA,"24,871","138,695",1220,E,124,0302695064,30,"SEATTLE, WA",11
2007,December,LINGCOD FRESH,CANADA,"15,416","76,999",1220,E,124,0302695064,30,"SEATTLE, WA",12
2008,January,LINGCOD FRESH,CANADA,"4,740","8,098",1220,E,124,0302695064,30,"SEATTLE, WA",01
2008,January,LINGCOD FRESH,MEXICO,970,"5,423",2010,E,484,0302695064,18,"TAMPA, FL",01
2008,January,LINGCOD FRESH,MEXICO,"122,534","113,524",2010,E,484,0302695064,25,"SAN DIEGO, CA",01
2008,February,LINGCOD FRESH,CANADA,"5,817","30,637",1220,E,124,0302695064,30,"SEATTLE, WA",02
2008,February,LINGCOD FRESH,MEXICO,"109,630","99,764",2010,E,484,0302695064,25,"SAN DIEGO, CA",02
2008,March,LINGCOD FRESH,CANADA,"23,041","125,072",1220,E,124,0302695064,30,"SEATTLE, WA",03
2008,March,LINGCOD FRESH,MEXICO,"76,208","61,373",2010,E,484,0302695064,25,"SAN DIEGO, CA",03
2008,March,LINGCOD FRESH,MEXICO,"4,200","3,436",2010,E,484,0302695064,26,"NOGALES, AZ",03
2008,April,LINGCOD FRESH,CANADA,"23,675","143,970",1220,E,124,0302695064,30,"SEATTLE, WA",04
2008,April,LINGCOD FRESH,MEXICO,"91,989","64,938",2010,E,484,0302695064,25,"SAN DIEGO, CA",04
2008,April,LINGCOD FRESH,MEXICO,"24,600","18,385",2010,E,484,0302695064,26,"NOGALES, AZ",04
2008,May,LINGCOD FRESH,CANADA,"17,966","114,290",1220,E,124,0302695064,30,"SEATTLE, WA",05
2008,May,LINGCOD FRESH,MEXICO,"21,552","15,494",2010,E,484,0302695064,25,"SAN DIEGO, CA",05
2008,June,LINGCOD FRESH,CANADA,"24,461","136,183",1220,E,124,0302695064,30,"SEATTLE, WA",06
2008,July,LINGCOD FRESH,CANADA,"30,500","176,943",1220,E,124,0302695064,30,"SEATTLE, WA",07
2008,August,LINGCOD FRESH,CANADA,"28,259","173,059",1220,E,124,0302695064,30,"SEATTLE, WA",08
2008,September,LINGCOD FRESH,CANADA,"62,657","276,612",1220,E,124,0302695064,30,"SEATTLE, WA",09
2008,October,LINGCOD FRESH,CANADA,"30,157","171,778",1220,E,124,0302695064,30,"SEATTLE, WA",10
2008,November,LINGCOD FRESH,CANADA,"9,431","55,934",1220,E,124,0302695064,30,"SEATTLE, WA",11
2008,December,LINGCOD FRESH,CANADA,"6,195","38,773",1220,E,124,0302695064,30,"SEATTLE, WA",12
2009,January,LINGCOD FRESH,CANADA,"1,560","10,142",1220,E,124,0302695064,30,"SEATTLE, WA",01
2009,January,LINGCOD FRESH,MEXICO,"10,704","9,134",2010,E,484,0302695064,26,"NOGALES, AZ",01
2009,February,LINGCOD FRESH,MEXICO,"41,381","31,715",2010,E,484,0302695064,26,"NOGALES, AZ",02
2009,March,LINGCOD FRESH,CANADA,"6,005","38,946",1220,E,124,0302695064,30,"SEATTLE, WA",03
2009,April,LINGCOD FRESH,CANADA,"14,684","98,013",1220,E,124,0302695064,30,"SEATTLE, WA",04
2009,April,LINGCOD FRESH,MEXICO,"1,166","2,041",2010,E,484,0302695064,25,"SAN DIEGO, CA",04
2009,May,LINGCOD FRESH,CANADA,"16,007","94,709",1220,E,124,0302695064,30,"SEATTLE, WA",05
2009,June,LINGCOD FRESH,CANADA,"17,360","82,554",1220,E,124,0302695064,30,"SEATTLE, WA",06
2009,July,LINGCOD FRESH,CANADA,"37,279","132,794",1220,E,124,0302695064,30,"SEATTLE, WA",07
2009,July,LINGCOD FRESH,MEXICO,550,"2,289",2010,E,484,0302695064,18,"TAMPA, FL",07
2009,August,LINGCOD FRESH,CANADA,"26,307","91,267",1220,E,124,0302695064,30,"SEATTLE, WA",08
2009,September,LINGCOD FRESH,CANADA,"11,252","56,718",1220,E,124,0302695064,30,"SEATTLE, WA",09
2009,October,LINGCOD FRESH,CANADA,"18,055","95,126",1220,E,124,0302695064,30,"SEATTLE, WA",10
2009,November,LINGCOD FRESH,CANADA,"16,649","84,452",1220,E,124,0302695064,30,"SEATTLE, WA",11
2009,December,LINGCOD FRESH,CANADA,"12,492","79,048",1220,E,124,0302695064,30,"SEATTLE, WA",12
2010,January,LINGCOD FRESH,CANADA,"1,949","11,393",1220,E,124,0302695064,30,"SEATTLE, WA",01
2010,February,LINGCOD FRESH,CANADA,"24,826","176,743",1220,E,124,0302695064,30,"SEATTLE, WA",02
2010,March,LINGCOD FRESH,CANADA,"4,241","34,956",1220,E,124,0302695064,30,"SEATTLE, WA",03
2010,March,LINGCOD FRESH,CANADA,"12,133","69,350",1220,E,124,0302695064,51,U.S. VIRGIN ISLANDS,03
2010,April,LINGCOD FRESH,CANADA,"20,943","127,854",1220,E,124,0302695064,30,"SEATTLE, WA",04
2010,May,LINGCOD FRESH,CANADA,"21,818","126,677",1220,E,124,0302695064,30,"SEATTLE, WA",05
2010,June,LINGCOD FRESH,CANADA,"25,403","129,533",1220,E,124,0302695064,30,"SEATTLE, WA",06
2010,July,LINGCOD FRESH,CANADA,"19,017","100,556",1220,E,124,0302695064,30,"SEATTLE, WA",07
2010,August,LINGCOD FRESH,CANADA,"20,418","72,589",1220,E,124,0302695064,30,"SEATTLE, WA",08
2010,August,LINGCOD FRESH,NEW ZEALAND,265,"2,187",6141,E,554,0302695064,32,"HONOLULU, HI",08
2010,September,LINGCOD FRESH,CANADA,"30,572","155,156",1220,E,124,0302695064,30,"SEATTLE, WA",09
2010,October,LINGCOD FRESH,CANADA,"17,096","101,153",1220,E,124,0302695064,30,"SEATTLE, WA",10
2010,November,LINGCOD FRESH,CANADA,"11,767","67,283",1220,E,124,0302695064,30,"SEATTLE, WA",11
2010,December,LINGCOD FRESH,CANADA,"4,041","22,821",1220,E,124,0302695064,30,"SEATTLE, WA",12
2011,January,LINGCOD FRESH,CANADA,386,"2,544",1220,E,124,0302695064,30,"SEATTLE, WA",01
2011,January,LINGCOD FRESH,MEXICO,"16,560","26,496",2010,E,484,0302695064,26,"NOGALES, AZ",01
2011,February,LINGCOD FRESH,CANADA,"6,241","34,021",1220,E,124,0302695064,30,"SEATTLE, WA",02
2011,February,LINGCOD FRESH,MEXICO,"33,480","53,568",2010,E,484,0302695064,26,"NOGALES, AZ",02
2011,March,LINGCOD FRESH,MEXICO,"16,990","27,184",2010,E,484,0302695064,26,"NOGALES, AZ",03
2011,April,LINGCOD FRESH,CANADA,"19,140","140,300",1220,E,124,0302695064,30,"SEATTLE, WA",04
2011,May,LINGCOD FRESH,CANADA,"17,765","124,483",1220,E,124,0302695064,30,"SEATTLE, WA",05
2011,June,LINGCOD FRESH,CANADA,"29,877","202,571",1220,E,124,0302695064,30,"SEATTLE, WA",06
2011,July,LINGCOD FRESH,CANADA,"20,789","117,041",1220,E,124,0302695064,30,"SEATTLE, WA",07
2011,July,LINGCOD FRESH,MEXICO,"10,200","17,034",2010,E,484,0302695064,26,"NOGALES, AZ",07
2011,August,LINGCOD FRESH,CANADA,"28,236","139,834",1220,E,124,0302695064,30,"SEATTLE, WA",08
2011,August,LINGCOD FRESH,NEW ZEALAND,539,"4,729",6141,E,554,0302695064,32,"HONOLULU, HI",08
2011,September,LINGCOD FRESH,CANADA,"20,436","112,891",1220,E,124,0302695064,30,"SEATTLE, WA",09
2011,October,LINGCOD FRESH,CANADA,"6,264","40,905",1220,E,124,0302695064,30,"SEATTLE, WA",10
2011,November,LINGCOD FRESH,CANADA,"3,282","22,237",1220,E,124,0302695064,30,"SEATTLE, WA",11
2011,December,LINGCOD FRESH,CANADA,"5,552","32,163",1220,E,124,0302695064,30,"SEATTLE, WA",12
2012,January,LINGCOD FRESH,CANADA,330,"2,363",1220,E,124,0302895064,30,"SEATTLE, WA",01
2012,February,LINGCOD FRESH,CANADA,590,"2,532",1220,E,124,0302895064,30,"SEATTLE, WA",02
2012,February,LINGCOD FRESH,SURINAME,599,"4,290",3150,E,740,0302895064,52,"MIAMI, FL",02
2012,March,LINGCOD FRESH,CANADA,"4,876","33,663",1220,E,124,0302895064,30,"SEATTLE, WA",03
2012,March,LINGCOD FRESH,EL SALVADOR,"1,390","11,188",2110,E,222,0302895064,52,"MIAMI, FL",03
2012,March,LINGCOD FRESH,SURINAME,580,"2,458",3150,E,740,0302895064,52,"MIAMI, FL",03
2012,April,LINGCOD FRESH,CANADA,"17,631","131,803",1220,E,124,0302895064,30,"SEATTLE, WA",04
2012,April,LINGCOD FRESH,EL SALVADOR,303,"2,174",2110,E,222,0302895064,52,"MIAMI, FL",04
2012,April,LINGCOD FRESH,HONDURAS,279,"2,535",2150,E,340,0302895064,52,"MIAMI, FL",04
2012,April,LINGCOD FRESH,NICARAGUA,662,"6,140",2190,E,558,0302895064,52,"MIAMI, FL",04
2012,April,LINGCOD FRESH,TRINIDAD & TOBAGO,"3,005","27,408",2740,E,780,0302895064,52,"MIAMI, FL",04
2012,May,LINGCOD FRESH,CANADA,"8,599","70,953",1220,E,124,0302895064,30,"SEATTLE, WA",05
2012,May,LINGCOD FRESH,MEXICO,717,"6,320",2010,E,484,0302895064,52,"MIAMI, FL",05
2012,May,LINGCOD FRESH,NICARAGUA,980,"5,477",2190,E,558,0302895064,52,"MIAMI, FL",05
2012,May,LINGCOD FRESH,TRINIDAD & TOBAGO,928,"7,710",2740,E,780,0302895064,52,"MIAMI, FL",05
2012,June,LINGCOD FRESH,CANADA,"16,862","120,198",1220,E,124,0302895064,30,"SEATTLE, WA",06
2012,July,LINGCOD FRESH,CANADA,"14,932","107,388",1220,E,124,0302895064,30,"SEATTLE, WA",07
2012,August,LINGCOD FRESH,CANADA,"16,358","106,228",1220,E,124,0302895064,30,"SEATTLE, WA",08
2012,September,LINGCOD FRESH,CANADA,"16,179","109,493",1220,E,124,0302895064,30,"SEATTLE, WA",09
2012,October,LINGCOD FRESH,CANADA,"12,027","82,827",1220,E,124,0302895064,30,"SEATTLE, WA",10
2012,October,LINGCOD FRESH,TRINIDAD & TOBAGO,"3,352","22,551",2740,E,780,0302895064,52,"MIAMI, FL",10
2012,November,LINGCOD FRESH,CANADA,"8,194","54,350",1220,E,124,0302895064,30,"SEATTLE, WA",11
2012,November,LINGCOD FRESH,TRINIDAD & TOBAGO,"2,383","14,958",2740,E,780,0302895064,52,"MIAMI, FL",11
2012,December,LINGCOD FRESH,CANADA,"10,999","59,941",1220,E,124,0302895064,30,"SEATTLE, WA",12
2012,December,LINGCOD FRESH,TRINIDAD & TOBAGO,"2,204","17,814",2740,E,780,0302895064,52,"MIAMI, FL",12
2013,January,LINGCOD FRESH,CANADA,"7,367","40,428",1220,E,124,0302895064,30,"SEATTLE, WA",01
2013,January,LINGCOD FRESH,EL SALVADOR,638,"4,177",2110,E,222,0302895064,52,"MIAMI, FL",01
2013,February,LINGCOD FRESH,CANADA,"4,402","32,127",1220,E,124,0302895064,30,"SEATTLE, WA",02
2013,February,LINGCOD FRESH,MEXICO,"38,000","33,702",2010,E,484,0302895064,26,"NOGALES, AZ",02
2013,March,LINGCOD FRESH,CANADA,636,"4,961",1220,E,124,0302895064,30,"SEATTLE, WA",03
2013,March,LINGCOD FRESH,MEXICO,"33,600","30,912",2010,E,484,0302895064,26,"NOGALES, AZ",03
2013,March,LINGCOD FRESH,EL SALVADOR,"1,657","12,121",2110,E,222,0302895064,52,"MIAMI, FL",03
2013,March,LINGCOD FRESH,TRINIDAD & TOBAGO,987,"7,416",2740,E,780,0302895064,52,"MIAMI, FL",03
2013,April,LINGCOD FRESH,CANADA,"15,516","114,757",1220,E,124,0302895064,30,"SEATTLE, WA",04
2013,April,LINGCOD FRESH,MEXICO,"33,600","40,320",2010,E,484,0302895064,26,"NOGALES, AZ",04
2013,April,LINGCOD FRESH,EL SALVADOR,"3,244","21,370",2110,E,222,0302895064,52,"MIAMI, FL",04
2013,April,LINGCOD FRESH,TRINIDAD & TOBAGO,"3,899","30,078",2740,E,780,0302895064,52,"MIAMI, FL",04
2013,May,LINGCOD FRESH,CANADA,"11,805","88,353",1220,E,124,0302895064,30,"SEATTLE, WA",05
2013,May,LINGCOD FRESH,EL SALVADOR,"1,116","6,865",2110,E,222,0302895064,52,"MIAMI, FL",05
2013,May,LINGCOD FRESH,TRINIDAD & TOBAGO,"3,958","27,618",2740,E,780,0302895064,52,"MIAMI, FL",05
2013,June,LINGCOD FRESH,CANADA,"14,273","106,413",1220,E,124,0302895064,30,"SEATTLE, WA",06
2013,June,LINGCOD FRESH,TRINIDAD & TOBAGO,"1,904","14,759",2740,E,780,0302895064,52,"MIAMI, FL",06
2013,July,LINGCOD FRESH,CANADA,"17,632","117,161",1220,E,124,0302895064,30,"SEATTLE, WA",07
2013,July,LINGCOD FRESH,TRINIDAD & TOBAGO,"1,571","12,586",2740,E,780,0302895064,52,"MIAMI, FL",07
2013,August,LINGCOD FRESH,CANADA,"17,091","104,890",1220,E,124,0302895064,30,"SEATTLE, WA",08
2013,August,LINGCOD FRESH,TRINIDAD & TOBAGO,"1,200","9,264",2740,E,780,0302895064,52,"MIAMI, FL",08
2013,September,LINGCOD FRESH,CANADA,"14,789","97,717",1220,E,124,0302895064,30,"SEATTLE, WA",09
2013,September,LINGCOD FRESH,TRINIDAD & TOBAGO,538,"4,152",2740,E,780,0302895064,52,"MIAMI, FL",09
2013,October,LINGCOD FRESH,CANADA,"19,138","130,350",1220,E,124,0302895064,30,"SEATTLE, WA",10
2013,October,LINGCOD FRESH,TRINIDAD & TOBAGO,892,"6,273",2740,E,780,0302895064,52,"MIAMI, FL",10
2013,November,LINGCOD FRESH,CANADA,"15,623","103,892",1220,E,124,0302895064,30,"SEATTLE, WA",11
2013,December,LINGCOD FRESH,CANADA,889,"7,176",1220,E,124,0302895064,30,"SEATTLE, WA",12
2013,December,LINGCOD FRESH,TRINIDAD & TOBAGO,"2,171","16,760",2740,E,780,0302895064,52,"MIAMI, FL",12
2014,January,LINGCOD FRESH,CANADA,"7,337","49,260",1220,E,124,0302895064,30,"SEATTLE, WA",01
2014,February,LINGCOD FRESH,CANADA,"2,101","15,980",1220,E,124,0302895064,30,"SEATTLE, WA",02
2014,February,LINGCOD FRESH,TRINIDAD & TOBAGO,"2,658","20,014",2740,E,780,0302895064,52,"MIAMI, FL",02
2014,March,LINGCOD FRESH,CANADA,"2,090","15,925",1220,E,124,0302895064,30,"SEATTLE, WA",03
2014,March,LINGCOD FRESH,EL SALVADOR,"1,432","9,610",2110,E,222,0302895064,52,"MIAMI, FL",03
2014,April,LINGCOD FRESH,CANADA,"12,519","119,696",1220,E,124,0302895064,30,"SEATTLE, WA",04
2014,April,LINGCOD FRESH,EL SALVADOR,"1,978","14,116",2110,E,222,0302895064,52,"MIAMI, FL",04
2014,April,LINGCOD FRESH,TRINIDAD & TOBAGO,388,"3,003",2740,E,780,0302895064,52,"MIAMI, FL",04
2014,May,LINGCOD FRESH,CANADA,"8,132","66,817",1220,E,124,0302895064,30,"SEATTLE, WA",05
2014,May,LINGCOD FRESH,EL SALVADOR,"7,890","46,006",2110,E,222,0302895064,52,"MIAMI, FL",05
2014,May,LINGCOD FRESH,TRINIDAD & TOBAGO,270,"2,082",2740,E,780,0302895064,52,"MIAMI, FL",05
2014,May,LINGCOD FRESH,NEW ZEALAND,252,"2,352",6141,E,554,0302895064,32,"HONOLULU, HI",05
2014,June,LINGCOD FRESH,CANADA,"10,224","78,088",1220,E,124,0302895064,30,"SEATTLE, WA",06
2014,June,LINGCOD FRESH,EL SALVADOR,774,"5,118",2110,E,222,0302895064,52,"MIAMI, FL",06
2014,June,LINGCOD FRESH,TRINIDAD & TOBAGO,544,"4,242",2740,E,780,0302895064,52,"MIAMI, FL",06
2014,July,LINGCOD FRESH,CANADA,"21,543","122,933",1220,E,124,0302895064,30,"SEATTLE, WA",07
2014,July,LINGCOD FRESH,TRINIDAD & TOBAGO,662,"5,661",2740,E,780,0302895064,52,"MIAMI, FL",07
2014,August,LINGCOD FRESH,CANADA,"22,863","162,825",1220,E,124,0302895064,30,"SEATTLE, WA",08
2014,August,LINGCOD FRESH,EL SALVADOR,508,"3,755",2110,E,222,0302895064,52,"MIAMI, FL",08
2014,August,LINGCOD FRESH,TRINIDAD & TOBAGO,"1,043","8,023",2740,E,780,0302895064,52,"MIAMI, FL",08
2014,August,LINGCOD FRESH,NEW ZEALAND,641,"5,017",6141,E,554,0302895064,32,"HONOLULU, HI",08
2014,September,LINGCOD FRESH,CANADA,"22,028","150,430",1220,E,124,0302895064,30,"SEATTLE, WA",09
2014,September,LINGCOD FRESH,EL SALVADOR,656,"5,017",2110,E,222,0302895064,52,"MIAMI, FL",09
2014,September,LINGCOD FRESH,TRINIDAD & TOBAGO,"1,836","14,277",2740,E,780,0302895064,52,"MIAMI, FL",09
2014,October,LINGCOD FRESH,CANADA,"12,137","99,891",1220,E,124,0302895064,30,"SEATTLE, WA",10
2014,October,LINGCOD FRESH,TRINIDAD & TOBAGO,521,"4,022",2740,E,780,0302895064,52,"MIAMI, FL",10
2014,November,LINGCOD FRESH,CANADA,"2,213","18,187",1220,E,124,0302895064,30,"SEATTLE, WA",11
2014,December,LINGCOD FRESH,CANADA,"11,610","88,232",1220,E,124,0302895064,30,"SEATTLE, WA",12
2015,January,LINGCOD FRESH,CANADA,"8,958","64,408",1220,E,124,0302895064,30,"SEATTLE, WA",01
2015,February,LINGCOD FRESH,CANADA,"2,682","20,989",1220,E,124,0302895064,30,"SEATTLE, WA",02
2015,March,LINGCOD FRESH,CANADA,"7,680","68,113",1220,E,124,0302895064,30,"SEATTLE, WA",03
2015,April,LINGCOD FRESH,CANADA,"19,376","114,413",1220,E,124,0302895064,30,"SEATTLE, WA",04
2015,April,LINGCOD FRESH,NEW ZEALAND,255,"2,086",6141,E,554,0302895064,32,"HONOLULU, HI",04
2015,May,LINGCOD FRESH,CANADA,"6,810","42,495",1220,E,124,0302895064,30,"SEATTLE, WA",05
2015,June,LINGCOD FRESH,CANADA,"16,353","106,509",1220,E,124,0302895064,30,"SEATTLE, WA",06
2015,June,LINGCOD FRESH,NEW ZEALAND,305,"2,388",6141,E,554,0302895064,32,"HONOLULU, HI",06
2015,July,LINGCOD FRESH,CANADA,"26,248","155,855",1220,E,124,0302895064,30,"SEATTLE, WA",07
2015,August,LINGCOD FRESH,CANADA,"20,077","112,636",1220,E,124,0302895064,30,"SEATTLE, WA",08
2015,September,LINGCOD FRESH,CANADA,"14,115","106,838",1220,E,124,0302895064,30,"SEATTLE, WA",09
2015,October,LINGCOD FRESH,CANADA,"14,713","119,288",1220,E,124,0302895064,30,"SEATTLE, WA",10
2015,November,LINGCOD FRESH,CANADA,"25,151","157,054",1220,E,124,0302895064,30,"SEATTLE, WA",11
2015,December,LINGCOD FRESH,CANADA,"1,995","13,301",1220,E,124,0302895064,30,"SEATTLE, WA",12
2016,January,LINGCOD FRESH,CANADA,"16,807","101,031",1220,E,124,0302895064,30,"SEATTLE, WA",01
2016,February,LINGCOD FRESH,CANADA,272,"2,359",1220,E,124,0302895064,30,"SEATTLE, WA",02
2016,March,LINGCOD FRESH,CANADA,"44,867","150,053",1220,E,124,0302895064,30,"SEATTLE, WA",03
2016,April,LINGCOD FRESH,CANADA,"33,515","172,474",1220,E,124,0302895064,30,"SEATTLE, WA",04
2016,May,LINGCOD FRESH,CANADA,"17,009","126,139",1220,E,124,0302895064,30,"SEATTLE, WA",05
2016,June,LINGCOD FRESH,CANADA,"20,624","154,089",1220,E,124,0302895064,30,"SEATTLE, WA",06
2016,July,LINGCOD FRESH,CANADA,"10,464","79,758",1220,E,124,0302895064,30,"SEATTLE, WA",07
2016,August,LINGCOD FRESH,CANADA,"18,547","151,061",1220,E,124,0302895064,30,"SEATTLE, WA",08
2016,September,LINGCOD FRESH,CANADA,"21,666","176,092",1220,E,124,0302895064,30,"SEATTLE, WA",09
2016,October,LINGCOD FRESH,CANADA,"25,030","187,639",1220,E,124,0302895064,30,"SEATTLE, WA",10
2016,November,LINGCOD FRESH,CANADA,"9,503","83,201",1220,E,124,0302895064,30,"SEATTLE, WA",11
2016,November,LINGCOD FRESH,CHINA,"1,026","11,178",5700,E,156,0302895064,10,"NEW YORK, NY",11
2016,December,LINGCOD FRESH,CANADA,"17,168","145,458",1220,E,124,0302895064,30,"SEATTLE, WA",12
2017,January,LINGCOD FRESH,CANADA,"10,863","84,738",1220,E,124,0302895064,30,"SEATTLE, WA",01
2017,February,LINGCOD FRESH,CANADA,"3,766","32,796",1220,E,124,0302895064,30,"SEATTLE, WA",02
2017,March,LINGCOD FRESH,CANADA,"2,099","18,231",1220,E,124,0302895064,30,"SEATTLE, WA",03
2017,March,LINGCOD FRESH,NICARAGUA,"18,235","48,143",2190,E,558,0302895064,52,"MIAMI, FL",03
2017,April,LINGCOD FRESH,CANADA,"15,255","129,868",1220,E,124,0302895064,30,"SEATTLE, WA",04
2017,May,LINGCOD FRESH,CANADA,"5,596","48,290",1220,E,124,0302895064,30,"SEATTLE, WA",05
2017,June,LINGCOD FRESH,CANADA,"13,536","114,049",1220,E,124,0302895064,30,"SEATTLE, WA",06
2017,July,LINGCOD FRESH,CANADA,"6,960","59,114",1220,E,124,0302895064,30,"SEATTLE, WA",07
2017,July,LINGCOD FRESH,PANAMA,305,"2,524",2250,E,591,0302895064,52,"MIAMI, FL",07
2017,July,LINGCOD FRESH,ECUADOR,"1,747","16,564",3310,E,218,0302895064,52,"MIAMI, FL",07
2017,August,LINGCOD FRESH,CANADA,"7,438","63,885",1220,E,124,0302895064,30,"SEATTLE, WA",08
2017,September,LINGCOD FRESH,CANADA,"18,928","156,808",1220,E,124,0302895064,30,"SEATTLE, WA",09
2017,October,LINGCOD FRESH,CANADA,"2,391","22,101",1220,E,124,0302895064,30,"SEATTLE, WA",10
2017,November,LINGCOD FRESH,CANADA,"14,302","124,100",1220,E,124,0302895064,30,"SEATTLE, WA",11
2017,December,LINGCOD FRESH,CANADA,862,"7,606",1220,E,124,0302895064,30,"SEATTLE, WA",12
2018,February,LINGCOD FRESH,CANADA,305,"2,856",1220,E,124,0302895064,30,"SEATTLE, WA",02
2018,March,LINGCOD FRESH,CANADA,"6,047","53,485",1220,E,124,0302895064,30,"SEATTLE, WA",03
2018,April,LINGCOD FRESH,CANADA,"11,125","95,420",1220,E,124,0302895064,30,"SEATTLE, WA",04
2018,May,LINGCOD FRESH,CANADA,"8,727","69,148",1220,E,124,0302895064,30,"SEATTLE, WA",05
2018,June,LINGCOD FRESH,CANADA,"3,626","28,422",1220,E,124,0302895064,30,"SEATTLE, WA",06
2018,July,LINGCOD FRESH,CANADA,"3,534","24,185",1220,E,124,0302895064,30,"SEATTLE, WA",07
2018,August,LINGCOD FRESH,CANADA,"3,235","28,087",1220,E,124,0302895064,30,"SEATTLE, WA",08
2018,September,LINGCOD FRESH,CANADA,"6,723","50,197",1220,E,124,0302895064,30,"SEATTLE, WA",09
2018,October,LINGCOD FRESH,CANADA,"7,905","53,385",1220,E,124,0302895064,30,"SEATTLE, WA",10
2018,November,LINGCOD FRESH,CANADA,"4,958","33,230",1220,E,124,0302895064,30,"SEATTLE, WA",11
2018,December,LINGCOD FRESH,CANADA,"3,174","20,621",1220,E,124,0302895064,30,"SEATTLE, WA",12
2019,February,LINGCOD FRESH,CANADA,476,"4,366",1220,E,124,0302895064,30,"SEATTLE, WA",02
2019,March,LINGCOD FRESH,CANADA,"3,192","26,298",1220,E,124,0302895064,30,"SEATTLE, WA",03
2019,April,LINGCOD FRESH,CANADA,"7,772","65,976",1220,E,124,0302895064,30,"SEATTLE, WA",04
2019,May,LINGCOD FRESH,CANADA,"5,527","42,604",1220,E,124,0302895064,30,"SEATTLE, WA",05
2019,June,LINGCOD FRESH,CANADA,"3,072","18,552",1220,E,124,0302895064,30,"SEATTLE, WA",06
2019,July,LINGCOD FRESH,CANADA,"2,937","26,460",1220,E,124,0302895064,30,"SEATTLE, WA",07
2019,August,LINGCOD FRESH,CANADA,"7,297","57,308",1220,E,124,0302895064,30,"SEATTLE, WA",08
2019,September,LINGCOD FRESH,CANADA,"2,120","17,974",1220,E,124,0302895064,30,"SEATTLE, WA",09
2019,October,LINGCOD FRESH,CANADA,"3,287","23,502",1220,E,124,0302895064,30,"SEATTLE, WA",10
2019,November,LINGCOD FRESH,CANADA,"14,273","77,617",1220,E,124,0302895064,30,"SEATTLE, WA",11
2019,December,LINGCOD FRESH,CANADA,"1,034","9,170",1220,E,124,0302895064,30,"SEATTLE, WA",12
2020,January,LINGCOD FRESH,CANADA,113,"2,798",1220,E,124,0302895064,30,"SEATTLE, WA",01
2020,March,LINGCOD FRESH,CANADA,666,"6,241",1220,E,124,0302895064,30,"SEATTLE, WA",03
2020,April,LINGCOD FRESH,CANADA,"1,151","9,655",1220,E,124,0302895064,30,"SEATTLE, WA",04
2020,May,LINGCOD FRESH,CANADA,991,"4,419",1220,E,124,0302895064,30,"SEATTLE, WA",05
2020,June,LINGCOD FRESH,CANADA,"3,366","22,762",1220,E,124,0302895064,30,"SEATTLE, WA",06
2020,July,LINGCOD FRESH,CANADA,"2,271","15,924",1220,E,124,0302895064,30,"SEATTLE, WA",07
2020,August,LINGCOD FRESH,CANADA,"2,698","17,161",1220,E,124,0302895064,30,"SEATTLE, WA",08
2020,September,LINGCOD FRESH,CANADA,"5,224","30,993",1220,E,124,0302895064,30,"SEATTLE, WA",09
2020,October,LINGCOD FRESH,CANADA,"6,152","42,007",1220,E,124,0302895064,30,"SEATTLE, WA",10
2020,October,LINGCOD FRESH,MEXICO,"11,617","27,175",2010,E,484,0302895064,52,"MIAMI, FL",10
2020,November,LINGCOD FRESH,CANADA,"4,077","28,958",1220,E,124,0302895064,30,"SEATTLE, WA",11
2021,January,LINGCOD FRESH,CANADA,317,"2,758",1220,E,124,0302895064,30,"SEATTLE, WA",01
2021,April,LINGCOD FRESH,CANADA,"10,143","69,597",1220,E,124,0302895064,30,"SEATTLE, WA",04
2021,May,LINGCOD FRESH,CANADA,"4,314","28,671",1220,E,124,0302895064,30,"SEATTLE, WA",05
2021,June,LINGCOD FRESH,CANADA,"4,645","28,713",1220,E,124,0302895064,30,"SEATTLE, WA",06
2021,July,LINGCOD FRESH,CANADA,"16,847","106,937",1220,E,124,0302895064,30,"SEATTLE, WA",07
2021,August,LINGCOD FRESH,CANADA,"14,630","85,434",1220,E,124,0302895064,30,"SEATTLE, WA",08
2021,September,LINGCOD FRESH,CANADA,"10,415","71,435",1220,E,124,0302895064,30,"SEATTLE, WA",09
2021,October,LINGCOD FRESH,CANADA,"12,269","99,066",1220,E,124,0302895064,30,"SEATTLE, WA",10
2021,November,LINGCOD FRESH,CANADA,"1,466","11,968",1220,E,124,0302895064,30,"SEATTLE, WA",11
2021,December,LINGCOD FRESH,CANADA,"3,957","36,107",1220,E,124,0302895064,30,"SEATTLE, WA",12
2022,January,LINGCOD FRESH,CANADA,480,"4,448",1220,E,124,0302895064,30,"SEATTLE, WA",01
2022,February,LINGCOD FRESH,CANADA,"1,229","11,402",1220,E,124,0302895064,30,"SEATTLE, WA",02
2022,March,LINGCOD FRESH,CANADA,"1,996","18,460",1220,E,124,0302895064,30,"SEATTLE, WA",03
2022,April,LINGCOD FRESH,CANADA,"11,333","103,192",1220,E,124,0302895064,30,"SEATTLE, WA",04
2022,May,LINGCOD FRESH,CANADA,"8,651","78,227",1220,E,124,0302895064,30,"SEATTLE, WA",05
2022,June,LINGCOD FRESH,CANADA,"13,810","104,071",1220,E,124,0302895064,30,"SEATTLE, WA",06
2022,July,LINGCOD FRESH,CANADA,"9,748","80,204",1220,E,124,0302895064,30,"SEATTLE, WA",07
2022,August,LINGCOD FRESH,CANADA,"10,878","78,178",1220,E,124,0302895064,30,"SEATTLE, WA",08
2022,September,LINGCOD FRESH,CANADA,"11,626","95,459",1220,E,124,0302895064,30,"SEATTLE, WA",09
2022,October,LINGCOD FRESH,CANADA,"13,469","102,685",1220,E,124,0302895064,30,"SEATTLE, WA",10
2022,November,LINGCOD FRESH,CANADA,"2,391","19,754",1220,E,124,0302895064,30,"SEATTLE, WA",11
2022,December,LINGCOD FRESH,CANADA,825,"6,963",1220,E,124,0302895064,30,"SEATTLE, WA",12
2023,January,LINGCOD FRESH,CANADA,"1,835","16,515",1220,E,124,0302895064,30,"SEATTLE, WA",01
2023,February,LINGCOD FRESH,CANADA,"7,280","70,202",1220,E,124,0302895064,30,"SEATTLE, WA",02
2023,March,LINGCOD FRESH,CANADA,"8,805","79,993",1220,E,124,0302895064,30,"SEATTLE, WA",03
2023,April,LINGCOD FRESH,CANADA,"12,194","108,237",1220,E,124,0302895064,30,"SEATTLE, WA",04
2023,May,LINGCOD FRESH,CANADA,"8,801","66,178",1220,E,124,0302895064,30,"SEATTLE, WA",05
